{"intro":{"name":"intro","components":{"Transform":{"position":{"x":0,"y":0,"z":0},"$type":"TransformData"}},"children":[{"name":"high_tracks3_high_group_place","components":{"Transform":{"position":{"x":0,"y":0,"z":-180},"$type":"TransformData"}},"children":[]},{"name":"bag_place","components":{"Transform":{"position":{"x":0.141,"y":0.604,"z":-18.326},"$type":"TransformData"}},"children":[]},{"name":"Ground","components":{"Transform":{"position":{"x":0,"y":0,"z":0},"$type":"TransformData"}},"children":[]},{"name":"trains","components":{"Transform":{"position":{"x":-20,"y":0,"z":0},"$type":"TransformData"}},"children":[{"name":"train_sub_1_place","components":{"Transform":{"position":{"x":-20,"y":0,"z":-30},"$type":"TransformData"}},"children":[]},{"name":"train_start_place","components":{"Transform":{"position":{"x":-20,"y":0,"z":-30},"$type":"TransformData"}},"children":[]},{"name":"train_sub_1_place","components":{"Transform":{"position":{"x":-20,"y":0,"z":30},"$type":"TransformData"}},"children":[]}]},{"name":"high_tracks3_high_group_place","components":{"Transform":{"position":{"x":0,"y":0,"z":0},"$type":"TransformData"}},"children":[]},{"name":"lightSignal_group_place","components":{"Transform":{"position":{"x":10,"y":0,"z":0},"$type":"TransformData"}},"children":[]}]}}