{
    "STR_L_HTML5": "This game uses HTML5. If it loads but does not run, please update your web browser",
    "menu": "Menu",
    "toprun": "Top Run",
    "highscores": "High Scores",
    "collect": "Collect",
    "characters": "Characters",
    "boards": "Boards",
    "awards": "Awards",
    "boosts": "Boosts",
    "free_stuff": "Free Stuff",
    "store": "Store",
    "resume": "Resume",
    "play": "Play",
    "pause": "Pause",
    "gameover": "Game Over",
    "wip": "(WIP)",
    "free": "Free!",
    "save_me": "Save me!",

    "leaderboards": "Leaderboards",
    "score": "Score",
    "coins": "Coins",
    "high_score": "High Score",
    "new_high_score": "New High Score!",
    "settings": "Settings",
    "tap_to_play": "Tap to play",
    "tap_to_play_desktop": "Press space to play",
    "nickname_prompt": "Set your nickname",
    "ok": "OK",
    "cancel": "Cancel",

    "sound": "Sound",
    "on": "On",
    "off": "Off",
    "nickname": "Nickname",

    "tutorial_good": "Fresh Moves!",
    "tutorial_hoverboard": "Double Tap for\nHoverboard",
    "tutorial_hoverboard_desktop": "Press Space for\nHoverboard",
    "tutorial_finished": "You rock! Now GO!",
    "tutorial_up": "Swipe Up",
    "tutorial_up_desktop": "Press Arrow Key Up",
    "tutorial_down": "Swipe Down",
    "tutorial_down_desktop": "Press Arrow Key Down",
    "tutorial_left": "Swipe Left",
    "tutorial_left_desktop": "Press Arrow Key Left",
    "tutorial_right": "Swipe Right",
    "tutorial_right_desktop": "Press Arrow Key Right",

    "privacy_policy": "More games",
    "privacy_policy_link": "https://zazgames.com/"
}
